{"name":"fa5f8563-c255-4e90-b5ef-175ccb47700c","id":"/providers/Microsoft.Flow/flows/fa5f8563-c255-4e90-b5ef-175ccb47700c","type":"Microsoft.Flow/flows","properties":{"apiId":"/providers/Microsoft.PowerApps/apis/shared_logicflows","displayName":"Load File to OneDrive","definition":{"metadata":{"workflowEntityId":null,"processAdvisorMetadata":null,"flowChargedByPaygo":null,"flowclientsuspensionreason":"None","flowclientsuspensiontime":null,"flowclientsuspensionreasondetails":null,"creator":{"id":"4227db65-cc88-43e9-b5f7-9b6ed9f51542","type":"User","tenantId":"66008aef-5ba7-4681-974d-0143daa3bf4a"},"provisioningMethod":"FromDefinition","failureAlertSubscription":true,"clientLastModifiedTime":"2024-04-24T01:32:03.6712813Z","connectionKeySavedTimeKey":"2024-04-24T01:32:03.6712813Z"},"$schema":"https://schema.management.azure.com/providers/Microsoft.Logic/schemas/2016-06-01/workflowdefinition.json#","contentVersion":"1.0.0.0","parameters":{"$authentication":{"defaultValue":{},"type":"SecureObject"},"$connections":{"defaultValue":{},"type":"Object"}},"triggers":{"manual":{"metadata":{},"type":"Request","kind":"Http","inputs":{"method":"POST","parameters":null,"triggerAuthenticationType":"All"},"description":"Configure a web endpoint to receive the uploaded file"}},"actions":{"Create_file":{"runAfter":{"Condition":["Succeeded"]},"type":"OpenApiConnection","inputs":{"parameters":{"folderPath":"/Work","name":"@variables('fileName')","body":"@triggerOutputs()?['body']"},"host":{"apiId":"/providers/Microsoft.PowerApps/apis/shared_onedriveforbusiness","connectionName":"shared_onedriveforbusiness","operationId":"CreateFile"},"authentication":"@parameters('$authentication')"},"description":"Upload the file to OneDrive","runtimeConfiguration":{"contentTransfer":{"transferMode":"Chunked"}}},"Response":{"runAfter":{"Create_file":["Succeeded"]},"type":"Response","kind":"Http","inputs":{"statusCode":200,"body":{"onedrive_id":"@outputs('Create_file')?['body/Id']","filename":"@variables('fileName')"}},"description":"Respond with the name of the uploaded file and the OneDrive identifier for the file.\n\nThis is primarily to have it listed in the Notehub logs for debugging if needed."},"requested_file_name_from_Query_Parameter":{"runAfter":{},"type":"InitializeVariable","inputs":{"variables":[{"name":"requestedFileName","type":"string","value":"@{replace(triggerOutputs()?['queries']['file'], '/','')}"}]},"description":"Extract the value of the `file` query parameter from the inbound webhook HTTP request and store it in a variable.\n\nNotehub has a quirk where it ensures a URL path separator is inserted between the route URL and appended strings. Any leading `/` is removed."},"Condition":{"actions":{"Set_variable":{"type":"SetVariable","inputs":{"name":"fileName","value":"@variables('requestedFileName')"}}},"runAfter":{"default_file_name":["Succeeded"]},"else":{"actions":{}},"expression":{"and":[{"not":{"equals":["@variables('requestedFileName')","@null"]}}]},"type":"If","description":"Determine if the inbound webhook did provide a file name.  If so, then change the file name from the default to the provided name."},"default_file_name":{"runAfter":{"requested_file_name_from_Query_Parameter":["Succeeded"]},"type":"InitializeVariable","inputs":{"variables":[{"name":"fileName","type":"string","value":"uploadedFile.bin"}]},"description":"Set the default file name in case the inbound webhook did not have a file query parameter"}},"outputs":{}},"connectionReferences":{"shared_onedriveforbusiness":{"connectionName":"shared-onedriveforbu-d2ab4905-a450-4fc5-a008-f63c0be62b65","source":"Embedded","id":"/providers/Microsoft.PowerApps/apis/shared_onedriveforbusiness","tier":"NotSpecified"}},"flowFailureAlertSubscribed":false,"isManaged":false}}